timestamp,model_name,smallest_layer,activation_function,num_iterations,loss_type,lambda,batch_size,learning_rate,train_loss,test_set_accuracy,validation_set_accuracy,test_loss
2025-01-04 17:35:27.445381,auto_512_elu_1,512,<class 'torch.nn.modules.activation.ELU'>,1,,0.43752,128,0.00095101,5.35230131354183,92.03,92.8,0.3342740394269364
2025-01-04 17:36:53.779850,auto_512_elu_2_sum,512,<class 'torch.nn.modules.activation.ELU'>,2,sum,0.43752,128,0.00095101,15.6008378341794,91.97,91.86666666666666,0.14002183456964132
2025-01-04 17:38:18.120295,auto_512_elu_2_last,512,<class 'torch.nn.modules.activation.ELU'>,2,last,0.43752,128,0.00095101,6.971474273595959,8.63,8.283333333333333,0.1696788385699067
2025-01-04 17:39:48.361135,auto_512_elu_3_sum,512,<class 'torch.nn.modules.activation.ELU'>,3,sum,0.43752,128,0.00095101,29.786929354071617,91.74,91.5,0.11482917621165892
2025-01-04 17:41:15.503081,auto_512_elu_3_last,512,<class 'torch.nn.modules.activation.ELU'>,3,last,0.43752,128,0.00095101,8.332033732905984,8.38,8.966666666666667,0.16406673381600198
2025-01-04 17:42:50.063912,auto_512_elu_4_sum,512,<class 'torch.nn.modules.activation.ELU'>,4,sum,0.43752,128,0.00095101,47.48865792155266,91.16,90.75,0.09286824359169489
2025-01-04 17:44:19.776470,auto_512_elu_4_last,512,<class 'torch.nn.modules.activation.ELU'>,4,last,0.43752,128,0.00095101,10.05226134415716,6.96,6.45,0.1510974664854098
2025-01-04 17:45:58.732854,auto_512_elu_5_sum,512,<class 'torch.nn.modules.activation.ELU'>,5,sum,0.43752,128,0.00095101,68.63834236562252,91.18,90.51666666666667,0.09257946144553679
2025-01-04 17:47:30.929671,auto_512_elu_5_last,512,<class 'torch.nn.modules.activation.ELU'>,5,last,0.43752,128,0.00095101,11.823294268921018,3.52,3.6166666666666667,0.15906627051815203
2025-01-04 17:49:13.939585,auto_512_elu_6_sum,512,<class 'torch.nn.modules.activation.ELU'>,6,sum,0.43752,128,0.00095101,92.31902399659155,91.18,90.55,0.08809066181884537
2025-01-04 17:50:48.915593,auto_512_elu_6_last,512,<class 'torch.nn.modules.activation.ELU'>,6,last,0.43752,128,0.00095101,14.215464504435658,7.35,7.483333333333333,0.16295867318971247
2025-01-04 17:52:35.702182,auto_512_elu_7_sum,512,<class 'torch.nn.modules.activation.ELU'>,7,sum,0.43752,128,0.00095101,117.17134626209736,91.08,90.51666666666667,0.08800350082448766
2025-01-04 17:54:13.127651,auto_512_elu_7_last,512,<class 'torch.nn.modules.activation.ELU'>,7,last,0.43752,128,0.00095101,17.25745386071503,6.0,5.05,0.13518985011909582
2025-01-04 17:56:03.582421,auto_512_elu_8_sum,512,<class 'torch.nn.modules.activation.ELU'>,8,sum,0.43752,128,0.00095101,147.13316445052624,90.86,90.28333333333333,0.0807625557519967
2025-01-04 17:57:43.735193,auto_512_elu_8_last,512,<class 'torch.nn.modules.activation.ELU'>,8,last,0.43752,128,0.00095101,21.61248841509223,2.72,2.5833333333333335,0.10075910955290251
2025-01-04 17:59:38.309792,auto_512_elu_9_sum,512,<class 'torch.nn.modules.activation.ELU'>,9,sum,0.43752,128,0.00095101,179.0806196630001,90.39,90.0,0.0867450926688653
2025-01-04 18:01:21.184357,auto_512_elu_9_last,512,<class 'torch.nn.modules.activation.ELU'>,9,last,0.43752,128,0.00095101,23.61421012505889,3.84,3.433333333333333,0.11351785261797
2025-01-04 18:03:19.733123,auto_512_elu_10_sum,512,<class 'torch.nn.modules.activation.ELU'>,10,sum,0.43752,128,0.00095101,211.24570122361183,89.91,89.53333333333333,0.07929202669028994
2025-01-04 18:05:04.905884,auto_512_elu_10_last,512,<class 'torch.nn.modules.activation.ELU'>,10,last,0.43752,128,0.00095101,25.26883317157626,5.66,5.85,0.13779514820515354
2025-01-04 18:06:56.663902,auto_512_sigmoid_1,512,<class 'torch.nn.modules.activation.Sigmoid'>,1,,0.3263,32,0.0028379,23.36880488600582,35.75,36.53333333333333,0.2245030910531177
2025-01-04 18:09:04.593347,auto_512_sigmoid_2_sum,512,<class 'torch.nn.modules.activation.Sigmoid'>,2,sum,0.3263,32,0.0028379,105.3580253124237,18.36,18.633333333333333,0.1680695410770706
2025-01-04 18:11:06.928156,auto_512_sigmoid_2_last,512,<class 'torch.nn.modules.activation.Sigmoid'>,2,last,0.3263,32,0.0028379,,9.8,9.9,
2025-01-04 18:13:31.035107,auto_512_sigmoid_3_sum,512,<class 'torch.nn.modules.activation.Sigmoid'>,3,sum,0.3263,32,0.0028379,,9.8,9.9,
2025-01-04 18:15:44.190948,auto_512_sigmoid_3_last,512,<class 'torch.nn.modules.activation.Sigmoid'>,3,last,0.3263,32,0.0028379,,9.8,9.9,
2025-01-04 18:18:26.959732,auto_512_sigmoid_4_sum,512,<class 'torch.nn.modules.activation.Sigmoid'>,4,sum,0.3263,32,0.0028379,,9.8,9.9,
2025-01-04 18:20:50.358470,auto_512_sigmoid_4_last,512,<class 'torch.nn.modules.activation.Sigmoid'>,4,last,0.3263,32,0.0028379,,9.8,9.9,
2025-01-04 18:23:50.194840,auto_512_sigmoid_5_sum,512,<class 'torch.nn.modules.activation.Sigmoid'>,5,sum,0.3263,32,0.0028379,,9.8,9.9,
2025-01-04 18:26:24.412210,auto_512_sigmoid_5_last,512,<class 'torch.nn.modules.activation.Sigmoid'>,5,last,0.3263,32,0.0028379,,9.8,9.9,
2025-01-04 18:29:41.904338,auto_512_sigmoid_6_sum,512,<class 'torch.nn.modules.activation.Sigmoid'>,6,sum,0.3263,32,0.0028379,,9.8,9.9,
2025-01-04 18:32:26.612308,auto_512_sigmoid_6_last,512,<class 'torch.nn.modules.activation.Sigmoid'>,6,last,0.3263,32,0.0028379,,9.8,9.9,
2025-01-04 18:35:58.759940,auto_512_sigmoid_7_sum,512,<class 'torch.nn.modules.activation.Sigmoid'>,7,sum,0.3263,32,0.0028379,,9.8,9.9,
2025-01-04 18:38:53.768991,auto_512_sigmoid_7_last,512,<class 'torch.nn.modules.activation.Sigmoid'>,7,last,0.3263,32,0.0028379,,9.8,9.9,
2025-01-04 18:42:41.576667,auto_512_sigmoid_8_sum,512,<class 'torch.nn.modules.activation.Sigmoid'>,8,sum,0.3263,32,0.0028379,,9.8,9.9,
2025-01-04 18:45:47.155883,auto_512_sigmoid_8_last,512,<class 'torch.nn.modules.activation.Sigmoid'>,8,last,0.3263,32,0.0028379,,9.8,9.9,
2025-01-04 18:49:50.846947,auto_512_sigmoid_9_sum,512,<class 'torch.nn.modules.activation.Sigmoid'>,9,sum,0.3263,32,0.0028379,,9.8,9.9,
2025-01-04 18:53:07.557699,auto_512_sigmoid_9_last,512,<class 'torch.nn.modules.activation.Sigmoid'>,9,last,0.3263,32,0.0028379,,9.8,9.9,
2025-01-04 18:57:24.144866,auto_512_sigmoid_10_sum,512,<class 'torch.nn.modules.activation.Sigmoid'>,10,sum,0.3263,32,0.0028379,,9.8,9.9,
2025-01-04 19:00:50.591060,auto_512_sigmoid_10_last,512,<class 'torch.nn.modules.activation.Sigmoid'>,10,last,0.3263,32,0.0028379,,9.8,9.9,
2025-01-04 19:02:14.497214,auto_256_elu_1,256,<class 'torch.nn.modules.activation.ELU'>,1,,0.19035,128,0.00052486,1.4986259094439447,97.2,98.76666666666667,0.5967501194416722
2025-01-04 19:03:44.319021,auto_256_elu_2_sum,256,<class 'torch.nn.modules.activation.ELU'>,2,sum,0.19035,128,0.00052486,5.485668025910854,97.45,98.51666666666667,0.2829177275865893
2025-01-04 19:05:12.375898,auto_256_elu_2_last,256,<class 'torch.nn.modules.activation.ELU'>,2,last,0.19035,128,0.00052486,3.340831716544926,12.51,14.016666666666667,0.21004241157936143
2025-01-04 19:06:48.179081,auto_256_elu_3_sum,256,<class 'torch.nn.modules.activation.ELU'>,3,sum,0.19035,128,0.00052486,11.634390542283654,97.28,98.5,0.22944055573095248
2025-01-04 19:08:20.844972,auto_256_elu_3_last,256,<class 'torch.nn.modules.activation.ELU'>,3,last,0.19035,128,0.00052486,4.919816447421908,11.19,10.683333333333334,0.19216913833648344
2025-01-04 19:10:02.830837,auto_256_elu_4_sum,256,<class 'torch.nn.modules.activation.ELU'>,4,sum,0.19035,128,0.00052486,19.938960425555702,97.23,97.85,0.1984775637901282
2025-01-04 19:11:40.027403,auto_256_elu_4_last,256,<class 'torch.nn.modules.activation.ELU'>,4,last,0.19035,128,0.00052486,6.373947037383914,12.92,12.45,0.19186843403532536
2025-01-04 19:13:27.775867,auto_256_elu_5_sum,256,<class 'torch.nn.modules.activation.ELU'>,5,sum,0.19035,128,0.00052486,29.884783823043108,97.03,97.41666666666667,0.18155521569372732
2025-01-04 19:15:09.002349,auto_256_elu_5_last,256,<class 'torch.nn.modules.activation.ELU'>,5,last,0.19035,128,0.00052486,7.1153627429157495,26.23,25.783333333333335,0.20473132235339925
2025-01-04 19:17:02.135374,auto_256_elu_6_sum,256,<class 'torch.nn.modules.activation.ELU'>,6,sum,0.19035,128,0.00052486,41.38722961395979,96.83,96.86666666666666,0.16576932417818263
2025-01-04 19:18:48.052430,auto_256_elu_6_last,256,<class 'torch.nn.modules.activation.ELU'>,6,last,0.19035,128,0.00052486,,9.8,9.9,
2025-01-04 19:20:46.773623,auto_256_elu_7_sum,256,<class 'torch.nn.modules.activation.ELU'>,7,sum,0.19035,128,0.00052486,55.51283293962479,96.21,96.25,0.14729685242040247
2025-01-04 19:22:36.992560,auto_256_elu_7_last,256,<class 'torch.nn.modules.activation.ELU'>,7,last,0.19035,128,0.00052486,,9.8,9.9,
2025-01-04 19:24:41.228470,auto_256_elu_8_sum,256,<class 'torch.nn.modules.activation.ELU'>,8,sum,0.19035,128,0.00052486,69.85412330925465,96.16,96.01666666666667,0.13777138264496117
2025-01-04 19:26:35.494154,auto_256_elu_8_last,256,<class 'torch.nn.modules.activation.ELU'>,8,last,0.19035,128,0.00052486,11.736866138875484,6.59,6.983333333333333,0.1502982373290424
2025-01-04 19:28:45.163086,auto_256_elu_9_sum,256,<class 'torch.nn.modules.activation.ELU'>,9,sum,0.19035,128,0.00052486,86.56720104813576,95.58,95.53333333333333,0.11962798350973974
2025-01-04 19:30:43.594953,auto_256_elu_9_last,256,<class 'torch.nn.modules.activation.ELU'>,9,last,0.19035,128,0.00052486,,9.8,9.9,
2025-01-04 19:32:58.762387,auto_256_elu_10_sum,256,<class 'torch.nn.modules.activation.ELU'>,10,sum,0.19035,128,0.00052486,104.51912678778172,95.2,95.1,0.1126934038121489
2025-01-04 19:35:00.787749,auto_256_elu_10_last,256,<class 'torch.nn.modules.activation.ELU'>,10,last,0.19035,128,0.00052486,29.248263631016016,13.71,13.033333333333333,0.250427861568294
2025-01-04 19:37:00.886629,auto_256_sigmoid_1,256,<class 'torch.nn.modules.activation.Sigmoid'>,1,,0.069437,32,0.0010224,5.703028430696577,97.84,99.5,1.2464016562775722
2025-01-04 19:39:23.620902,auto_256_sigmoid_2_sum,256,<class 'torch.nn.modules.activation.Sigmoid'>,2,sum,0.069437,32,0.0010224,19.908426547888663,98.31,99.66666666666667,0.2557474114472353
2025-01-04 19:41:40.472150,auto_256_sigmoid_2_last,256,<class 'torch.nn.modules.activation.Sigmoid'>,2,last,0.069437,32,0.0010224,15.630738977342844,1.11,1.0833333333333333,0.23761418537248538
2025-01-04 19:44:29.399333,auto_256_sigmoid_3_sum,256,<class 'torch.nn.modules.activation.Sigmoid'>,3,sum,0.069437,32,0.0010224,41.534991750493646,98.2,99.15,0.1876247112132326
2025-01-04 19:47:02.962697,auto_256_sigmoid_3_last,256,<class 'torch.nn.modules.activation.Sigmoid'>,3,last,0.069437,32,0.0010224,22.77446695882827,3.98,4.35,0.17411060593550717
2025-01-04 19:50:14.143374,auto_256_sigmoid_4_sum,256,<class 'torch.nn.modules.activation.Sigmoid'>,4,sum,0.069437,32,0.0010224,71.58408883586526,98.35,99.08333333333333,0.1602817764387855
2025-01-04 19:53:04.898852,auto_256_sigmoid_4_last,256,<class 'torch.nn.modules.activation.Sigmoid'>,4,last,0.069437,32,0.0010224,33.11236244253814,5.58,5.816666666666666,0.15102873723718185
2025-01-04 19:56:37.958175,auto_256_sigmoid_5_sum,256,<class 'torch.nn.modules.activation.Sigmoid'>,5,sum,0.069437,32,0.0010224,110.45100550353528,97.94,98.83333333333333,0.13248788754019555
2025-01-04 19:59:47.199209,auto_256_sigmoid_5_last,256,<class 'torch.nn.modules.activation.Sigmoid'>,5,last,0.069437,32,0.0010224,156.38146563619375,9.58,9.633333333333333,0.06807340214712711
2025-01-04 20:03:42.453087,auto_256_sigmoid_6_sum,256,<class 'torch.nn.modules.activation.Sigmoid'>,6,sum,0.069437,32,0.0010224,163.18321927636862,97.85,98.63333333333334,0.1274921496080447
2025-01-04 20:07:08.898276,auto_256_sigmoid_6_last,256,<class 'torch.nn.modules.activation.Sigmoid'>,6,last,0.069437,32,0.0010224,156.53340908139944,6.3,5.633333333333334,0.07403639138122148
2025-01-04 20:11:25.569591,auto_256_sigmoid_7_sum,256,<class 'torch.nn.modules.activation.Sigmoid'>,7,sum,0.069437,32,0.0010224,472.5346522033215,93.34,92.93333333333334,0.13019039019753662
2025-01-04 20:15:10.089550,auto_256_sigmoid_7_last,256,<class 'torch.nn.modules.activation.Sigmoid'>,7,last,0.069437,32,0.0010224,156.38560008257627,11.35,11.5,0.06827160631176792
2025-01-04 20:19:50.831855,auto_256_sigmoid_8_sum,256,<class 'torch.nn.modules.activation.Sigmoid'>,8,sum,0.069437,32,0.0010224,2885.3743288517,16.55,17.05,0.17111614214468607
2025-01-04 20:23:50.592806,auto_256_sigmoid_8_last,256,<class 'torch.nn.modules.activation.Sigmoid'>,8,last,0.069437,32,0.0010224,157.83932606130838,9.8,9.9,0.0699293388030197
2025-01-04 20:28:52.016918,auto_256_sigmoid_9_sum,256,<class 'torch.nn.modules.activation.Sigmoid'>,9,sum,0.069437,32,0.0010224,1408.643257200718,11.35,11.5,0.06888545167785656
2025-01-04 20:33:08.145169,auto_256_sigmoid_9_last,256,<class 'torch.nn.modules.activation.Sigmoid'>,9,last,0.069437,32,0.0010224,156.3891865387559,11.35,11.5,0.06824323369921008
2025-01-04 20:38:33.018741,auto_256_sigmoid_10_sum,256,<class 'torch.nn.modules.activation.Sigmoid'>,10,sum,0.069437,32,0.0010224,1565.4159195423126,11.35,11.5,0.06892266926131671
2025-01-04 20:43:06.764051,auto_256_sigmoid_10_last,256,<class 'torch.nn.modules.activation.Sigmoid'>,10,last,0.069437,32,0.0010224,156.42536191642284,11.35,11.5,0.06898988627746136
2025-01-04 20:44:46.518538,auto_128_elu_1,128,<class 'torch.nn.modules.activation.ELU'>,1,,0.23551,64,0.00085713,6.270673080347478,97.42,99.05,0.4027310938020296
2025-01-04 20:46:41.151643,auto_128_elu_2_sum,128,<class 'torch.nn.modules.activation.ELU'>,2,sum,0.23551,64,0.00085713,20.174200009554625,98.04,99.0,0.2529929534921163
2025-01-04 20:48:32.788684,auto_128_elu_2_last,128,<class 'torch.nn.modules.activation.ELU'>,2,last,0.23551,64,0.00085713,11.865373903885484,11.38,11.083333333333334,0.23928305035150504
2025-01-04 20:50:43.046495,auto_128_elu_3_sum,128,<class 'torch.nn.modules.activation.ELU'>,3,sum,0.23551,64,0.00085713,39.17790129967034,98.08,99.15,0.2508239119867735
2025-01-04 20:52:46.929143,auto_128_elu_3_last,128,<class 'torch.nn.modules.activation.ELU'>,3,last,0.23551,64,0.00085713,14.949605958536267,3.01,3.2333333333333334,0.2367869483519204
2025-01-04 20:55:11.655696,auto_128_elu_4_sum,128,<class 'torch.nn.modules.activation.ELU'>,4,sum,0.23551,64,0.00085713,63.76373166963458,98.11,99.0,0.21484766127187996
2025-01-04 20:57:27.889643,auto_128_elu_4_last,128,<class 'torch.nn.modules.activation.ELU'>,4,last,0.23551,64,0.00085713,,9.8,9.9,
2025-01-04 21:00:05.626718,auto_128_elu_5_sum,128,<class 'torch.nn.modules.activation.ELU'>,5,sum,0.23551,64,0.00085713,96.66856180131435,97.85,98.5,0.1961535881214504
2025-01-04 21:02:32.683834,auto_128_elu_5_last,128,<class 'torch.nn.modules.activation.ELU'>,5,last,0.23551,64,0.00085713,,9.8,9.9,
2025-01-04 21:05:25.199973,auto_128_elu_6_sum,128,<class 'torch.nn.modules.activation.ELU'>,6,sum,0.23551,64,0.00085713,146.914287596941,97.58,97.96666666666667,0.1841761275560041
2025-01-04 21:08:04.285259,auto_128_elu_6_last,128,<class 'torch.nn.modules.activation.ELU'>,6,last,0.23551,64,0.00085713,,9.8,9.9,
2025-01-04 21:11:10.909291,auto_128_elu_7_sum,128,<class 'torch.nn.modules.activation.ELU'>,7,sum,0.23551,64,0.00085713,266.5793935805559,97.13,97.75,0.18947746123694167
2025-01-04 21:14:00.716687,auto_128_elu_7_last,128,<class 'torch.nn.modules.activation.ELU'>,7,last,0.23551,64,0.00085713,,9.8,9.9,
2025-01-04 21:17:22.317615,auto_128_elu_8_sum,128,<class 'torch.nn.modules.activation.ELU'>,8,sum,0.23551,64,0.00085713,,9.8,9.9,
2025-01-04 21:20:23.927764,auto_128_elu_8_last,128,<class 'torch.nn.modules.activation.ELU'>,8,last,0.23551,64,0.00085713,,9.8,9.9,
2025-01-04 21:23:59.998896,auto_128_elu_9_sum,128,<class 'torch.nn.modules.activation.ELU'>,9,sum,0.23551,64,0.00085713,,9.8,9.9,
2025-01-04 21:27:12.738150,auto_128_elu_9_last,128,<class 'torch.nn.modules.activation.ELU'>,9,last,0.23551,64,0.00085713,,9.8,9.9,
2025-01-04 21:31:02.881656,auto_128_elu_10_sum,128,<class 'torch.nn.modules.activation.ELU'>,10,sum,0.23551,64,0.00085713,,9.8,9.9,
2025-01-04 21:34:25.918122,auto_128_elu_10_last,128,<class 'torch.nn.modules.activation.ELU'>,10,last,0.23551,64,0.00085713,,9.8,9.9,
2025-01-04 21:36:33.333799,auto_128_sigmoid_1,128,<class 'torch.nn.modules.activation.Sigmoid'>,1,,0.082284,32,0.00092193,15.246539848390968,98.59,99.75,0.8840330876881564
2025-01-04 21:39:10.487095,auto_128_sigmoid_2_sum,128,<class 'torch.nn.modules.activation.Sigmoid'>,2,sum,0.082284,32,0.00092193,52.721747644245625,98.14,99.4,0.35435405675368975
2025-01-04 21:41:40.561654,auto_128_sigmoid_2_last,128,<class 'torch.nn.modules.activation.Sigmoid'>,2,last,0.082284,32,0.00092193,161.69513654708862,11.35,11.5,0.06805396527995038
2025-01-04 21:44:48.330544,auto_128_sigmoid_3_sum,128,<class 'torch.nn.modules.activation.Sigmoid'>,3,sum,0.082284,32,0.00092193,110.24863385409115,97.48,98.63333333333334,0.322281158423122
2025-01-04 21:47:42.523976,auto_128_sigmoid_3_last,128,<class 'torch.nn.modules.activation.Sigmoid'>,3,last,0.082284,32,0.00092193,161.72246509045362,11.35,11.5,0.06797950941173336
2025-01-04 21:51:18.826519,auto_128_sigmoid_4_sum,128,<class 'torch.nn.modules.activation.Sigmoid'>,4,sum,0.082284,32,0.00092193,181.16504778712988,97.11,98.45,0.2666663095543656
2025-01-04 21:54:37.293868,auto_128_sigmoid_4_last,128,<class 'torch.nn.modules.activation.Sigmoid'>,4,last,0.082284,32,0.00092193,161.6631471887231,11.35,11.5,0.06798622941103162
2025-01-04 21:58:40.852943,auto_128_sigmoid_5_sum,128,<class 'torch.nn.modules.activation.Sigmoid'>,5,sum,0.082284,32,0.00092193,353.99315267801285,94.63,95.31666666666666,0.13332716281278223
2025-01-04 22:02:23.056102,auto_128_sigmoid_5_last,128,<class 'torch.nn.modules.activation.Sigmoid'>,5,last,0.082284,32,0.00092193,161.69433695077896,11.35,11.5,0.06803814519809771
2025-01-04 22:06:54.467523,auto_128_sigmoid_6_sum,128,<class 'torch.nn.modules.activation.Sigmoid'>,6,sum,0.082284,32,0.00092193,761.2123349010944,60.91,60.266666666666666,0.11921799927949905
2025-01-04 22:10:58.646893,auto_128_sigmoid_6_last,128,<class 'torch.nn.modules.activation.Sigmoid'>,6,last,0.082284,32,0.00092193,161.68930314481258,11.35,11.5,0.06799428971319259
2025-01-04 22:15:58.121660,auto_128_sigmoid_7_sum,128,<class 'torch.nn.modules.activation.Sigmoid'>,7,sum,0.082284,32,0.00092193,935.197602123022,52.49,51.7,0.11237694747463058
2025-01-04 22:20:24.703153,auto_128_sigmoid_7_last,128,<class 'torch.nn.modules.activation.Sigmoid'>,7,last,0.082284,32,0.00092193,161.76308100670576,11.35,11.5,0.06803573451087444
2025-01-04 22:25:52.493900,auto_128_sigmoid_8_sum,128,<class 'torch.nn.modules.activation.Sigmoid'>,8,sum,0.082284,32,0.00092193,1293.8012029528618,11.35,11.5,0.06805783948754962
2025-01-04 22:30:40.066455,auto_128_sigmoid_8_last,128,<class 'torch.nn.modules.activation.Sigmoid'>,8,last,0.082284,32,0.00092193,161.7270396873355,11.35,11.5,0.06804365023404738
2025-01-04 22:36:35.257060,auto_128_sigmoid_9_sum,128,<class 'torch.nn.modules.activation.Sigmoid'>,9,sum,0.082284,32,0.00092193,1455.778578877449,11.35,11.5,0.0682243499669093
2025-01-04 22:41:45.794381,auto_128_sigmoid_9_last,128,<class 'torch.nn.modules.activation.Sigmoid'>,9,last,0.082284,32,0.00092193,161.7539564371109,11.35,11.5,0.06812801405410224
2025-01-04 22:48:09.065156,auto_128_sigmoid_10_sum,128,<class 'torch.nn.modules.activation.Sigmoid'>,10,sum,0.082284,32,0.00092193,1616.9057144522667,11.35,11.5,0.06804894292845001
2025-01-04 22:53:41.544196,auto_128_sigmoid_10_last,128,<class 'torch.nn.modules.activation.Sigmoid'>,10,last,0.082284,32,0.00092193,161.7225459292531,11.35,11.5,0.0680776253059695
2025-01-04 22:55:25.004329,auto_64_elu_1,64,<class 'torch.nn.modules.activation.ELU'>,1,,0.45371,64,0.00098095,11.491325311362743,97.68,99.3,0.32282185894024523
2025-01-04 22:57:27.012774,auto_64_elu_2_sum,64,<class 'torch.nn.modules.activation.ELU'>,2,sum,0.45371,64,0.00098095,35.15740967541933,98.25,99.36666666666666,0.2581634546005273
2025-01-04 22:59:25.585258,auto_64_elu_2_last,64,<class 'torch.nn.modules.activation.ELU'>,2,last,0.45371,64,0.00098095,19.083650580607355,20.78,21.133333333333333,0.30331403356564196
2025-01-04 23:01:45.502277,auto_64_elu_3_sum,64,<class 'torch.nn.modules.activation.ELU'>,3,sum,0.45371,64,0.00098095,76.7852234877646,98.06,98.83333333333333,0.2107965614222273
2025-01-04 23:03:59.214495,auto_64_elu_3_last,64,<class 'torch.nn.modules.activation.ELU'>,3,last,0.45371,64,0.00098095,72.82716805487871,10.29,9.833333333333334,8.347758637198918
2025-01-04 23:06:35.794654,auto_64_elu_4_sum,64,<class 'torch.nn.modules.activation.ELU'>,4,sum,0.45371,64,0.00098095,154.57088987529278,96.86,97.66666666666667,0.20634417971478233
2025-01-04 23:09:04.091726,auto_64_elu_4_last,64,<class 'torch.nn.modules.activation.ELU'>,4,last,0.45371,64,0.00098095,,9.8,9.9,
2025-01-04 23:11:58.478834,auto_64_elu_5_sum,64,<class 'torch.nn.modules.activation.ELU'>,5,sum,0.45371,64,0.00098095,,9.8,9.9,
2025-01-04 23:14:41.045839,auto_64_elu_5_last,64,<class 'torch.nn.modules.activation.ELU'>,5,last,0.45371,64,0.00098095,,9.8,9.9,
2025-01-04 23:17:52.580028,auto_64_elu_6_sum,64,<class 'torch.nn.modules.activation.ELU'>,6,sum,0.45371,64,0.00098095,,9.8,9.9,
2025-01-04 23:20:49.365857,auto_64_elu_6_last,64,<class 'torch.nn.modules.activation.ELU'>,6,last,0.45371,64,0.00098095,,9.8,9.9,
2025-01-04 23:24:17.960417,auto_64_elu_7_sum,64,<class 'torch.nn.modules.activation.ELU'>,7,sum,0.45371,64,0.00098095,,9.8,9.9,
2025-01-04 23:27:29.035460,auto_64_elu_7_last,64,<class 'torch.nn.modules.activation.ELU'>,7,last,0.45371,64,0.00098095,,9.8,9.9,
2025-01-04 23:31:15.014782,auto_64_elu_8_sum,64,<class 'torch.nn.modules.activation.ELU'>,8,sum,0.45371,64,0.00098095,,9.8,9.9,
2025-01-04 23:34:40.083032,auto_64_elu_8_last,64,<class 'torch.nn.modules.activation.ELU'>,8,last,0.45371,64,0.00098095,,9.8,9.9,
2025-01-04 23:38:42.473826,auto_64_elu_9_sum,64,<class 'torch.nn.modules.activation.ELU'>,9,sum,0.45371,64,0.00098095,,9.8,9.9,
2025-01-04 23:42:21.973926,auto_64_elu_9_last,64,<class 'torch.nn.modules.activation.ELU'>,9,last,0.45371,64,0.00098095,,9.8,9.9,
2025-01-04 23:46:41.579852,auto_64_elu_10_sum,64,<class 'torch.nn.modules.activation.ELU'>,10,sum,0.45371,64,0.00098095,,9.8,9.9,
2025-01-04 23:50:33.934410,auto_64_elu_10_last,64,<class 'torch.nn.modules.activation.ELU'>,10,last,0.45371,64,0.00098095,,9.8,9.9,
2025-01-04 23:52:48.109588,auto_64_sigmoid_1,64,<class 'torch.nn.modules.activation.Sigmoid'>,1,,0.46184,32,0.0022005,55.9984412509948,97.84,99.48333333333333,0.5415387440331375
2025-01-04 23:55:38.650732,auto_64_sigmoid_2_sum,64,<class 'torch.nn.modules.activation.Sigmoid'>,2,sum,0.46184,32,0.0022005,342.0367898195982,67.83,68.55,0.31004648533048507
2025-01-04 23:58:23.545072,auto_64_sigmoid_2_last,64,<class 'torch.nn.modules.activation.Sigmoid'>,2,last,0.46184,32,0.0022005,325.5683958083391,11.35,11.5,0.06802444820162616
2025-01-05 00:01:50.064711,auto_64_sigmoid_3_sum,64,<class 'torch.nn.modules.activation.Sigmoid'>,3,sum,0.46184,32,0.0022005,976.9318050742148,10.28,9.833333333333334,0.0681078690045242
2025-01-05 00:05:05.955601,auto_64_sigmoid_3_last,64,<class 'torch.nn.modules.activation.Sigmoid'>,3,last,0.46184,32,0.0022005,325.57708744704723,11.35,11.5,0.06810494045479389
2025-01-05 00:09:07.666978,auto_64_sigmoid_4_sum,64,<class 'torch.nn.modules.activation.Sigmoid'>,4,sum,0.46184,32,0.0022005,974.1786278188227,31.21,31.066666666666666,0.12536062686880933
2025-01-05 00:12:52.363174,auto_64_sigmoid_4_last,64,<class 'torch.nn.modules.activation.Sigmoid'>,4,last,0.46184,32,0.0022005,325.65538147091866,11.35,11.5,0.06812134870811354
2025-01-05 00:17:27.232269,auto_64_sigmoid_5_sum,64,<class 'torch.nn.modules.activation.Sigmoid'>,5,sum,0.46184,32,0.0022005,1629.0516043305397,10.32,10.05,0.06806771278004103
2025-01-05 00:21:40.668785,auto_64_sigmoid_5_last,64,<class 'torch.nn.modules.activation.Sigmoid'>,5,last,0.46184,32,0.0022005,325.56764505803585,11.35,11.5,0.06815894353616087
2025-01-05 00:26:50.386605,auto_64_sigmoid_6_sum,64,<class 'torch.nn.modules.activation.Sigmoid'>,6,sum,0.46184,32,0.0022005,1519.4322645068169,34.51,34.416666666666664,0.20113273832616926
2025-01-05 00:31:30.715406,auto_64_sigmoid_6_last,64,<class 'torch.nn.modules.activation.Sigmoid'>,6,last,0.46184,32,0.0022005,325.55556420981884,11.35,11.5,0.06809333721293678
2025-01-05 00:37:11.643843,auto_64_sigmoid_7_sum,64,<class 'torch.nn.modules.activation.Sigmoid'>,7,sum,0.46184,32,0.0022005,2278.89911711216,11.35,11.5,0.06812174538079696
2025-01-05 00:42:20.792670,auto_64_sigmoid_7_last,64,<class 'torch.nn.modules.activation.Sigmoid'>,7,last,0.46184,32,0.0022005,325.5683404356241,11.35,11.5,0.06803823946208894
2025-01-05 00:48:38.236123,auto_64_sigmoid_8_sum,64,<class 'torch.nn.modules.activation.Sigmoid'>,8,sum,0.46184,32,0.0022005,2603.76021361351,11.35,11.5,0.0680149011785471
2025-01-05 00:54:13.675890,auto_64_sigmoid_8_last,64,<class 'torch.nn.modules.activation.Sigmoid'>,8,last,0.46184,32,0.0022005,325.7450441122055,11.35,11.5,0.06805017930042895
2025-01-05 01:01:04.238009,auto_64_sigmoid_9_sum,64,<class 'torch.nn.modules.activation.Sigmoid'>,9,sum,0.46184,32,0.0022005,2930.6837553977966,11.35,11.5,0.06808952218558215
2025-01-05 01:07:08.854342,auto_64_sigmoid_9_last,64,<class 'torch.nn.modules.activation.Sigmoid'>,9,last,0.46184,32,0.0022005,325.6473510414362,11.35,11.5,0.06815742295754107
2025-01-05 01:14:33.842791,auto_64_sigmoid_10_sum,64,<class 'torch.nn.modules.activation.Sigmoid'>,10,sum,0.46184,32,0.0022005,3256.558144450188,11.35,11.5,0.06805200719192059
2025-01-05 01:21:05.407711,auto_64_sigmoid_10_last,64,<class 'torch.nn.modules.activation.Sigmoid'>,10,last,0.46184,32,0.0022005,325.6455599665642,11.35,11.5,0.0680537870790385
